AppID,Nombre
10,Counter-Strike
20,Team Fortress Classic
30,Day of Defeat
40,Deathmatch Classic
50,Half-Life: Opposing Force
60,Ricochet
70,Half-Life
80,Counter-Strike: Condition Zero
130,Half-Life: Blue Shift
220,Half-Life 2
240,Counter-Strike: Source
300,Day of Defeat: Source
360,Half-Life Deathmatch: Source
400,Portal
440,Team Fortress 2
500,Left 4 Dead
550,Left 4 Dead 2
570,Dota 2
620,Portal 2
630,Alien Swarm
730,Counter-Strike 2
1002,Rag Doll Kung Fu
1200,Red Orchestra: Ostfront 41-45
1250,Killing Floor
1300,SiN Episodes: Emergence
1313,SiN: Gold
1500,Darwinia
1510,Uplink
1520,DEFCON
1530,Multiwinia
1600,Dangerous Waters
1610,Space Empires IV Deluxe
1620,Jagged Alliance 2 Gold
1630,Disciples II: Rise of the Elves 
1640,Disciples II: Gallean's Return
1670,Iron Warriors: T - 72 Tank Command 
1690,Space Empires V
1700,Arx Fatalis
1900,Earth 2160
1930,Two Worlds Epic Edition
2100,Dark Messiah of Might & Magic
2200,Quake III Arena
2210,Quake 4
2270,Wolfenstein 3D
2280,DOOM + DOOM II
2310,Quake
2320,Quake II
2360,Hexen: Beyond Heretic
2370,Hexen: Deathkings of the Dark Citadel
2390,Heretic: Shadow of the Serpent Riders
2400,The Ship: Murder Party
2420,The Ship: Single Player
2450,Bloody Good Time
2500,Shadowgrounds
2520,Gumboy - Crazy Adventures™
2540,RIP - Trilogy™
2590,Alpha Prime
2600,Vampire: The Masquerade - Bloodlines
2610,GUN™
2620,Call of Duty® (2003)
2630,Call of Duty® 2
2640,Call of Duty: United Offensive
2700,RollerCoaster Tycoon® 3: Platinum
2710,Act of War: Direct Action
2720,ThreadSpace: Hyperbol
2800,X2: The Threat
2810,X3: Reunion
2820,X3: Terran Conflict
2840,X: Beyond the Frontier
2850,X: Tension
2870,X Rebirth
2900,688(I) Hunter/Killer
2910,Fleet Command
2920,Sub Command
2990,FlatOut 2
3010,Xpand Rally
3020,Call of Juarez
3050,Xpand Rally Xtreme
3130,Men of War: Red Tide
3170,King's Bounty: Armored Princess
3230,Genesis Rising
3260,Safecracker: The Ultimate Puzzle Adventure
3270,Painkiller Overdose
3300,Bejeweled 2 Deluxe
3310,Chuzzle Deluxe
3320,Insaniquarium Deluxe
3330,Zuma Deluxe
3340,AstroPop Deluxe
3350,Bejeweled Deluxe
3360,Big Money! Deluxe
3380,Dynomite Deluxe
3390,Feeding Frenzy 2 Deluxe
3400,Hammer Heads Deluxe
3410,Heavy Weapon Deluxe
3420,Iggle Pop Deluxe
3430,Pizza Frenzy Deluxe
3450,Typer Shark! Deluxe
3460,Talismania Deluxe
3480,Peggle Deluxe
3483,Peggle Extreme
3490,Venice Deluxe
3500,Mystery P.I.™ - The Lottery Ticket
3510,Amazing Adventures The Lost Tomb™
3520,Mystery P.I.™ - The Vegas Heist
3530,Amazing Adventures Around the World
3540,Peggle™ Nights
3560,Bejeweled Twist
3570,Mystery P.I.™ - The New York Fortune
3580,The Wizard's Pen™
3590,Plants vs. Zombies GOTY Edition
3600,Escape Rosecliff Island
3610,Mystery P.I. - Lost in Los Angeles
3620,Zuma's Revenge!
3700,Sniper Elite
3710,Judge Dredd: Dredd vs. Death
3720,Evil Genius
3730,Aliens versus Predator Classic 2000
3800,Advent Rising
3810,BloodRayne (Legacy)
3820,BloodRayne 2 (Legacy)
3830,Psychonauts
3900,Sid Meier's Civilization® IV
3910,Sid Meier's Civilization® III Complete
3920,Sid Meier's Pirates!
3960,Shattered Union
3980,CivCity: Rome
3990,Civilization IV®: Warlords
4000,Garry's Mod
4100,Poker Superstars II
4230,RACE - The WTCC Game
4290,RACE: Caterham Expansion
4300,RoboBlitz
4420,Silverfall
4460,City Life 2008
4470,Silverfall: Earth Awakening
4500,S.T.A.L.K.E.R.: Shadow of Chernobyl
4520,Full Spectrum Warrior
4530,Full Spectrum Warrior: Ten Hammers
4560,Company of Heroes - Legacy Edition
4570,Warhammer 40,000: Dawn of War - Anniversary Edition
4700,Total War: MEDIEVAL II – Definitive Edition
4720,Condemned: Criminal Origins
4760,Rome: Total War™ - Collection
4770,Rome: Total War™ - Alexander
4780,Medieval II: Total War™ Kingdoms
4800,Heroes of Annihilated Empires
4850,Cossacks: Back to War
4870,Cossacks: Art of War
4880,Cossacks: European Wars
4890,Cossacks II: Battle for Europe
4900,Zen of Sudoku
4920,Natural Selection 2
6000,STAR WARS™ Republic Commando™
6010,Indiana Jones® and the Fate of Atlantis™
6020,STAR WARS™ Jedi Knight - Jedi Academy™
6030,STAR WARS™ Jedi Knight II - Jedi Outcast™
6040,The Dig®
6060,STAR WARS™ Battlefront II (Classic, 2005)
6080,Thrillville®: Off the Rails™
6090,Armed and Dangerous®
6120,Shank
6200,Ghost Master®
6210,Vegas: Make It Big™
6220,FlatOut
6250,Making History: The Calm & the Storm
6270,Ducati World Championship
6300,Dreamfall: The Longest Journey
6310,The Longest Journey
6370,Bloodline Champions
6400,Joint Task Force
6420,Nexus - The Jupiter Incident
6510,Lost Planet™: Extreme Condition
6600,Bullet Candy
6800,Commandos: Behind Enemy Lines
6810,Commandos: Beyond the Call of Duty
6830,Commandos 2: Men of Courage
6840,Commandos 3: Destination Berlin
6850,Hitman 2: Silent Assassin
6860,Hitman: Blood Money
6870,Battlestations: Midway
6880,Just Cause
6900,Hitman: Codename 47
6910,Deus Ex: Game of the Year Edition
6920,Deus Ex: Invisible War
6980,Thief: Deadly Shadows
7000,Tomb Raider: Legend
7010,Project: Snowblind
7020,Rogue Trooper
7110,Jade Empire™: Special Edition
7200,Trackmania United Forever
7210,Runaway, A Road Adventure
7220,Runaway, The Dream of The Turtle
7260,Loki
7340,Azada
7510,X-Blades
7520,Two Worlds II HD
7530,Two Worlds II Castle Defense
7600,Sid Meier's Railroads!
7610,Railroad Tycoon 3
7620,Railroad Tycoon II Platinum
7650,X-COM: Terror From the Deep
7660,X-COM: Apocalypse
7670,BioShock™
7730,X-COM: Interceptor
7760,X-COM: UFO Defense
7770,X-COM: Enforcer
7800,Stubbs the Zombie in Rebel Without a Pulse
7830,Men of War™
7840,Death Track®: Resurrection
7860,NecroVision
7940,Call of Duty® 4: Modern Warfare® (2007)
8000,Tomb Raider: Anniversary
8040,Championship Manager 2007
8060,Championship Manager 2008
8080,Kane and Lynch: Dead Men™
8100,Conflict: Denied Ops
8140,Tomb Raider: Underworld
8170,Battlestations Pacific
8190,Just Cause 2
8330,Telltale Texas Hold ‘Em
8400,Geometry Wars: Retro Evolved
8500,EVE Online
8600,RACE 07
8780,RACE On
8790,GTR 2 FIA GT Racing Game
8800,Civilization IV: Beyond the Sword
8850,BioShock® 2
8870,BioShock Infinite
8880,Freedom Force
8890,Freedom Force vs. the Third Reich
8930,Sid Meier's Civilization® V
8970,Axel & Pixel
9010,Return to Castle Wolfenstein
9060,HeXen II
9180,Commander Keen
9200,RAGE
9340,Company of Heroes: Opposing Fronts
9350,Supreme Commander
9420,Supreme Commander: Forged Alliance
9460,Frontlines™: Fuel of War™
9480,Saints Row 2
9500,Gish
9710,Desperados 2: Cooper's Revenge
9730,Tycoon City: New York
9760,Act of War: High Treason
9800,Death to Spies
9850,Codename: Panzers - Cold War
9880,Champions Online
9900,Star Trek Online
9940,Blade Kitten
9960,Haunted House™ (2010)
9970,Star Raiders
9980,The UnderGarden
10090,Call of Duty: World at War
10100,King's Quest™ Collection
10110,Space Quest™ Collection
10120,Aces of the Galaxy™
10130,TimeShift™
10140,3D Ultra™ Minigolf Adventures
10150,Prototype™
10180,Call of Duty®: Modern Warfare® 2 (2009)
10220,Postal III
10230,Dead Mountaineer's Hotel
10240,A Stroke of Fate: Operation Valkyrie
10250,PT Boats: Knights of the Sea
10260,PT Boats: South Gambit
10270,Disciples III: Reincarnation
10460,The Club™
10500,Total War: EMPIRE – Definitive Edition
10520,Beijing 2008™ - The Official Video Game of the Olympic Games
10680,Aliens vs. Predator™
11020,TrackMania Nations Forever
11040,Sherlock Holmes - Nemesis
11050,Dracula: Origin
11130,Sherlock Holmes: The Mystery of the Mummy
11140,Sherlock Holmes: The Awakened (2008)
11150,Sherlock Holmes: The Silver Earring
11180,Sherlock Holmes: The Mystery of the Persian Carpet
11190,Sherlock Holmes versus Jack the Ripper
11200,Shadowgrounds Survivor
11230,Gumboy Tournament
11240,Space Trader: Merchant Marine
11250,Pacific Storm
11260,Pacific Storm Allies
11280,Penguins Arena: Sedna's World
11340,Larva Mortus
11370,Nikopol: Secrets of the Immortals
11390,Crash Time 2
11450,Overlord™
11480,Soldiers: Heroes of World War II
11550,Second Sight
11560,Maelstrom: The Battle for Earth Begins
11590,Hospital Tycoon
11610,Dragon Nest
12130,Manhunt
12140,Max Payne
12150,Max Payne 2: The Fall of Max Payne
12180,Grand Theft Auto 2
12200,Bully: Scholarship Edition
12210,Grand Theft Auto IV: The Complete Edition
12220,Grand Theft Auto: Episodes from Liberty City
12310,Culpa Innata
12320,Sacred Gold
12330,Darkstar One
12340,Jack Keane
12360,FlatOut: Ultimate Carnage Collector's Edition
12390,Exodus from the Earth
12420,Perimeter 2: New Earth
12430,SlamIt Pinball Big Score
12440,Ankh 2: Heart of Osiris 
12450,Ankh 3: Battle of the Gods
12460,BC Kings
12470,Port Royale 2
12480,9th Company: Roots Of Terror
12500,PuzzleQuest: Challenge of the Warlords
12510,Prison Tycoon 3™: Lockdown
12520,18 Wheels of Steel: American Long Haul
12530,Hunting Unlimited™ 2008
12540,Mahjongg Investigations: Under Suspicion
12560,Ride! Carnival Tycoon
12570,Hot Dish
12580,Dr. Daisy Pet Vet
12590,Sprint Cars Road to Knoxville
12600,Midnight Outlaw: 6 Hours to SunUp
12640,Drakensang
12650,Fetch It Again
12660,Miss Popularity
12670,Mission Runway
12690,Hunting Unlimited 2010
12710,Overlord™: Raising Hell
12770,Rise of the Argonauts
12790,Damnation
12810,Overlord II
12830,Operation Flashpoint: Dragon Rising
12900,AudioSurf
13000,Ninja Reflex: Steamworks Edition
13500,Prince of Persia: Warrior Within™
13520,Far Cry®
13530,Prince of Persia: The Two Thrones™
13540,Tom Clancy's Rainbow Six® Vegas
13560,Tom Clancy's Splinter Cell®
13570,Tom Clancy's Splinter Cell Chaos Theory®
13580,Tom Clancy's Splinter Cell Double Agent®
13600,Prince of Persia®: The Sands of Time
13620,Tom Clancy's Ghost Recon® Desert Siege™
13630,Tom Clancy's Ghost Recon® Island Thunder™
15000,Tom Clancy's Rainbow Six Lockdown™
15080,Rayman Raving Rabbids™
15100,Assassin's Creed™: Director's Cut Edition
15120,Tom Clancy's Rainbow Six® Vegas 2
15160,Petz® Horsez® 2
15170,Heroes of Might & Magic V
15190,Brothers in Arms: Road to Hill 30™
15200,Silent Hunter®: Wolves of the Pacific
15210,Silent Hunter® III
15240,Silent Hunter®: Wolves of the Pacific U-Boat Missions
15270,Cold Fear™
15300,Tom Clancy's Ghost Recon®
15320,IL-2 Sturmovik: 1946
15350,Brain Spa
15370,Heroes of Might & Magic V: Tribes of the East
15380,Heroes of Might & Magic V: Hammers of Fate
15390,Brothers in Arms: Hell's Highway™
15400,Harvest: Massive Encounter
15500,The Wonderful End of the World
15520,AaAaAA!!! - A Reckless Disregard for Gravity
15560,AaaaaAAaaaAAAaaAAAAaAAAAA!!! for the Awesome
15620,Warhammer 40,000: Dawn of War II - Anniversary Edition
15700,Oddworld: Abe's Oddysee®
15710,Oddworld: Abe's Exoddus®
15740,Oddworld: Munch's Oddysee
15750,Oddworld: Stranger's Wrath HD
15800,Planet Busters
15900,7 Wonders II
15910,Luxor Amun Rising
15920,Luxor 2
15930,Luxor 3
15960,Little Farm
15970,Luxor
16000,Discovery! A Seek and Find Adventure
16020,Samantha Swift and the Hidden Roses of Athena
16030,7 Wonders: Treasures of Seven
16040,Luxor: Quest for the Afterlife
16060,Samantha Swift and the Golden Touch
16100,Virtual Villagers: A New Home
16110,Virtual Villagers: The Lost Children
16120,Plant Tycoon
16130,Fish Tycoon
16180,Virtual Villagers - The Secret City
16200,Virtual Families
16300,Everyday Shooter
16450,F.E.A.R. 2: Project Origin
16500,Chaos Theory
16600,Trials 2: Second Edition
16620,Monster Trucks Nitro 
16710,Insecticide Part 1
16720,Velvet Assassin
16730,Legendary
16810,Sid Meier's Civilization IV: Colonization
16900,GROUND BRANCH
17100,Children of the Nile: Enhanced Edition
17120,Children of the Nile: Alexandria
17140,Hinterland
17180,Mosby's Confederacy
17330,Crysis Warhead®
17390,SPORE™
17410,Mirror's Edge™
17440,SPORE™ Creepy & Cute Parts Pack
17460,Mass Effect (2007)
17470,Dead Space (2008)
17480,Command & Conquer™ Red Alert™ 3
17500,Zombie Panic! Source
17570,Pirates, Vikings, and Knights II
17580,Dystopia
17710,Nuclear Dawn
17740,Empires Mod
18000,Precipice of Darkness, Episode One
18020,Precipice of Darkness, Episode Two
18040,DeathSpank
18050,DeathSpank: Thongs of Virtue
18070,The Baconing
18120,Unstoppable Gorg
18300,Spectraball
18400,Crazy Machines 2
18420,Crazy Machines
18430,Crazy Machines 1.5
18470,Helldorado
18480,Mata Hari
18500,Defense Grid: The Awakening
18600,Mayhem Intergalactic
18700,And Yet It Moves
18820,Zero Gear
19000,Silent Hill Homecoming
19020,Puzzle Chronicles
19030,Rocket Knight
19080,Biozone
19200,Tank Universal
19320,Space Ark
19500,Eternity's Child
19680,Alice: Madness Returns
19800,Brothers in Arms: Earned in Blood™
19810,The Sum of All Fears
19830,Tom Clancy's Rainbow Six® 3 Gold
19900,Far Cry® 2
19980,Prince of Persia®
20200,Galactic Bowling
20500,Red Faction Guerrilla Steam Edition
20510,S.T.A.L.K.E.R.: Clear Sky
20530,Red Faction
20540,Company of Heroes: Tales of Valor
20550,Red Faction II
20700,Starscape
20710,Mr. Robot
20820,Shatter
20900,The Witcher: Enhanced Edition Director's Cut
20920,The Witcher 2: Assassins of Kings Enhanced Edition
21000,LEGO® Batman™: The Videogame
21010,Watchmen: The End is Nigh
21030,Watchmen: The End is Nigh Part 2
21090,F.E.A.R.
21100,F.E.A.R. 3
21130,LEGO® Harry Potter: Years 1-4
21300,Gravitron 2
21500,Pyroblazer®
21660,Street Fighter® IV
21670,Bionic Commando
21680,Bionic Commando: Rearmed
21690,Resident Evil 5
21780,Driver® Parallel Lines
21800,Tom Clancy's EndWar™
21980,Call of Juarez: Bound in Blood
22000,World of Goo
22100,Mount & Blade
22120,Penumbra: Black Plague Gold Edition
22130,Hearts of Iron 2 Complete
22140,Penumbra: Requiem
22180,Penumbra Overture
22200,Zeno Clash
22230,Rock of Ages
22300,Fallout 3
22310,Rogue Warrior
22320,The Elder Scrolls III: Morrowind® Game of the Year Edition
22330,The Elder Scrolls IV: Oblivion® Game of the Year Edition
22340,Call of Cthulhu®: Dark Corners of the Earth
22350,BRINK
22370,Fallout 3: Game of the Year Edition
22380,Fallout: New Vegas
22450,Hunted: The Demon’s Forge™
22490,Fallout: New Vegas
22500,Spectromancer
22600,Worms Reloaded
22610,Alien Breed: Impact
22650,Alien Breed 2: Assault
22670,Alien Breed 3: Descent
23150,Fluttabyes
23300,Yosumin!™
23380,Gyromancer
23400,Imperium Romanum Gold Edition
23420,Europa Universalis: Rome - Gold Edition
23450,Grand Ages: Rome
23455,Grand Ages: Rome - Reign of Augustus
23460,Ceville
23490,Tropico 3
23500,Puzzle Quest: Galactrix
23530,Earth Defense Force: Insect Armageddon
23600,Depths of Peril
23700,Puzzle Kingdoms
24010,Train Simulator Classic 2024
24200,DC Universe™ Online
24240,PAYDAY™ The Heist
24400,King Arthur - The Role-playing Wargame
24410,Crusaders: Thy Kingdom Come
24420,Aquaria
24460,King Arthur: Fallen Champions
24480,King Arthur II: The Role-Playing Wargame
24640,Trainz: Classic Cabon City
24650,Trainz Settle and Carlisle
24660,Trainz: Murchison 2
24670,Trainz™ Simulator 12
24720,SPORE™ Galactic Adventures
24780,SimCity™ 4 Deluxe Edition
24790,Command & Conquer 3 Tiberium Wars™
24800,Command & Conquer: Red Alert 3 - Uprising
24810,Command & Conquer™ 3: Kane’s Wrath
24870,Need for Speed: Shift
24880,The Saboteur™
25000,Overgrowth
25010,Lugaru HD
25500,Cricket Revolution
25600,Eschalon: Book I
25620,Eschalon: Book II
25700,Madballs in Babo:Invasion
25800,Europa Universalis III Complete
25808,Europa Universalis III: Divine Wind
25830,Knights of Honor
25850,Elven Legacy
25890,Hearts of Iron III
25900,King's Bounty: The Legend
25910,Supreme Ruler 2020 Gold
25930,East India Company
25980,Majesty 2
25990,Majesty Gold HD
26000,The Maw
26300,Drug Wars
26500,Cogs
26900,Crayon Physics Deluxe
27000,The Path
27020,The Graveyard
27050,Fatale
27200,Summer Athletics
27400,Dangerous High School Girls in Trouble!™
27800,Space Giraffe
27810,Gridrunner Revolution
27900,Twin Sector
27920,Booster Trooper
27940,Dead Horde
28000,Kane & Lynch 2: Dog Days
29120,Yumsters 2: Around the World
29130,Musaic Box
29160,Blueberry Garden
29180,Osmos
29540,Guild Wars® Game of the Year Edition
29560,Guild Wars Factions®
29570,Guild Wars® Trilogy
29580,Guild Wars Nightfall®
29600,Guild Wars® Game of the Year Edition
29610,Guild Wars Factions®
29620,Guild Wars® Trilogy
29630,Guild Wars Nightfall®
29700,Guild Wars: Eye of the North®
29800,Caster
29900,Dark Sector
31100,Wallace & Gromit’s Grand Adventures
31170,Tales of Monkey Island: Complete Season
31270,Puzzle Agent
31300,Tunnel Rats
31700,Iron Grip: Warlord
31800,Nancy Drew®: Danger by Design
31810,Nancy Drew®: Last Train to Blue Moon Canyon
31820,Nancy Drew®: The Haunted Carousel
31830,Nancy Drew®: Curse of Blackmoor Manor
31840,Nancy Drew®: Danger on Deception Island
31850,Nancy Drew®: Ghost Dogs of Moon Lake
31860,Nancy Drew®: Legend of the Crystal Skull
31870,Nancy Drew® Dossier: Lights, Camera, Curses!
31880,Nancy Drew®: Secret of the Old Clock
31890,Nancy Drew®: Secret of the Scarlet Hand
31900,Nancy Drew®: The Creature of Kapu Cave
31910,Nancy Drew®: The Haunting of Castle Malloy
31920,Nancy Drew®: The Phantom of Venice
31930,Nancy Drew®: The White Wolf of Icicle Creek
32000,Raycatcher
32110,LUXOR: Mah Jong
32120,Chainz 2: Relinked
32140,Midnight Mysteries
32150,Everyday Genius: SquareLogic
32160,Zombie Bowl-o-Rama
32200,Metal Drift
32310,Indiana Jones® and the Last Crusade™
32330,LEGO® Indiana Jones™: The Original Adventures
32340,LOOM™
32350,STAR WARS™ Starfighter™
32360,The Secret of Monkey Island: Special Edition
32370,STAR WARS™ Knights of the Old Republic™
32380,STAR WARS™ Jedi Knight: Dark Forces II
32390,STAR WARS™ Jedi Knight - Mysteries of the Sith™
32400,STAR WARS™ Dark Forces (Classic, 1995)
32410,Lucidity™
32420,STAR WARS™: The Clone Wars - Republic Heroes™
32430,STAR WARS™ - The Force Unleashed™ Ultimate Sith Edition
32440,LEGO® Star Wars™ - The Complete Saga
32450,LEGO® Indiana Jones™ 2: The Adventure Continues
32460,Monkey Island™ 2 Special Edition: LeChuck’s Revenge™
32470,STAR WARS™ Empire at War - Gold Pack
32500,STAR WARS™: The Force Unleashed™ II
32510,LEGO® Star Wars™ III - The Clone Wars™
32610,Delta Force Xtreme 2
32620,Delta Force 1
32630,Delta Force 2
32640,Delta Force Land Warrior
32650,Delta Force: Task Force Dagger
32660,Delta Force: Xtreme
32680,Delta Force — Black Hawk Down: Team Sabre
32710,Armored Fist 3
32720,F-16 Multirole Fighter
32730,F-22 Lightning 3
32740,MiG-29 Fulcrum
32750,Comanche 4
32760,Tachyon: The Fringe
32770,Joint Operations: Combined Arms Gold
32900,Restaurant Empire II
33100,Alien Shooter
33110,Alien Shooter: Revisited
33120,Alien Shooter 2: Reloaded
33130,Zombie Shooter
33180,Zombie Shooter 2
33220,Tom Clancy's Splinter Cell Conviction™
33230,Assassin's Creed 2
33320,Prince of Persia: The Forgotten Sands™
33390,Zeit²
33460,From Dust
33520,Tropico Reloaded
33540,Dawn of Magic 2
33550,Time of Shadows
33570,Patrician III
33580,The Great Art Race
33600,Broken Sword 2 - the Smoking Mirror: Remastered (2010)
33610,Broken Sword 3 - the Sleeping Dragon (2003)
33620,Crash Time 3
33650,Puzzler World
33660,Ziro
33670,Disciples III - Renaissance Steam Special Edition
33680,eversion
33700,Paws and Claws: Pampered Pets
33710,Paws and Claws: Pet School
33720,Paws and Claws: Pet Vet
33730,18 Wheels of Steel: Extreme Trucker
33750,Prison Tycoon 4: SuperMax
33760,The Search for Amelia Earhart
33770,Drakensang: The River of Time
33790,Elizabeth Find M.D. - Diagnosis Mystery - Season 2
33900,Arma 2
33930,Arma 2: Operation Arrowhead
33950,Fish Fillets 2
33980,Pound of Ground
33990,Alternativa
34010,Alpha Protocol™
34030,Total War: NAPOLEON – Definitive Edition
34190,Sonic & SEGA All-Stars Racing
34270,SEGA Mega Drive and Genesis Classics
34272,Comix Zone™
34273,Crack Down™
34274,Ecco the Dolphin™
34275,Gain Ground™
34276,Golden Axe™
34277,Shinobi™ III: Return of the Ninja Master
34278,Sonic 3D Blast™
34279,Space Harrier™ II
34280,VectorMan™
34281,Altered Beast™
34282,Shadow Dancer™
34283,Alex Kidd™ in the Enchanted Castle
34284,Bonanza Bros.™
34285,Columns™
34286,Dr. Robotnik’s Mean Bean Machine™
34287,Ecco™ Jr.
34288,Eternal Champions™
34289,Fatal Labyrinth™
34310,Galaxy Force II™
34311,Kid Chameleon™
34312,Ristar™
34313,Sonic Spinball™
34314,Super Thunder Blade™
34315,Alien Storm
34316,Bio-Hazard Battle™
34317,Columns™ III
34318,Decap Attack™
34319,Ecco™: The Tides of Time
34410,Death to Spies: Moment of Truth
34420,XIII Century – Gold Edition
34500,Light of Altair
34600,Order of War™
34630,Massive Assault
34640,Massive Assault: Phantom Renaissance
34800,Chronicles of Mystery: The Scorpio Ritual
34810,Project Freedom
34820,Combat Wings: Battle of Britain
34830,Sniper: Ghost Warrior
34870,Sniper: Ghost Warrior 2
34900,Bad Rats: the Rats' Revenge
34920,Razor2: Hidden Skies
35000,Mini Ninjas
35030,Championship Manager 2010
35070,Flora's Fruit Farm
35130,Lara Croft and the Guardian of Light
35140,Batman: Arkham Asylum Game of the Year Edition
35300,Warfare
35310,Clutch
35320,Insane 2
35450,Red Orchestra 2: Heroes of Stalingrad with Rising Storm
35460,The Ball
35480,Dwarfs!?
35600,Big Brain Wolf
35700,Trine Enchanted Edition
35720,Trine 2: Complete Story
35800,BRAINPIPE: A Plunge to Unhumanity
36000,Foreign Legion: Buckets of Blood
36130,Tradewinds Caravans + Odyssey Pack
36150,Westward Collection
36900,Angle of Attack
36910,All Aspect Warfare
37000,The Void
37210,Chocolatier®: Decadence by Design™
37220,Cooking Dash®
37230,Diaper Dash®
37240,Diner Dash:® Hometown Hero™
37260,Emerald City Confidential™
37280,Wedding Dash® 2: Rings Around the World
37290,Zenerchi®
37300,DinerTown Tycoon
37310,DinerTown Detective Agency™
37320,The Nightshift Code™
37330,Nightshift Legacy: The Jaguar's Eye™
37340,Fitness Dash™
37360,Mahjong Roadshow™
37370,TriJinx: A Kristine Kross Mystery™
37380,Valerie Porter and the Scarlet Scandal™
37390,Gemini Lost™
37400,Time Gentlemen, Please! and Ben There, Dan That! Special Edition  Double Pack
37500,Magnetis 
37600,Windosill
37800,Quantz
37960,Jewel Quest Pack
38000,Mahjong Quest Collection
38070,Coconut Queen
38080,Build-A-Lot
38090,Build-A-Lot 2: Town of the Year
38100,Build-A-Lot 3: Passport to Europe
38110,Build-A-Lot 4: Power Source
38120,Farm Frenzy
38130,Farm Frenzy 2
38140,Farm Frenzy: Pizza Party
38150,Farm Frenzy 3
38160,Farm Frenzy 3: American Pie
38170,Cradle of Rome
38180,Cradle of Persia
38190,Romance of Rome
38210,Roogoo
38230,Hotel Giant 2
38400,Fallout: A Post Nuclear Role Playing Game
38410,Fallout 2: A Post Nuclear Role Playing Game
38420,Fallout Tactics: Brotherhood of Steel
38430,Kingpin — Life of Crime
38440,Sacrifice
38450,MDK
38460,MDK 2
38480,Earthworm Jim
38490,Earthworm Jim 2
38600,Faerie Solitaire
38700,Toki Tori
38720,RUSH
38740,EDGE
39000,Moonbase Alpha
39110,SEASON OF MYSTERY: The Cherry Blossom Murders
39120,RIFT
39140,FINAL FANTASY VII
39150,FINAL FANTASY VIII
39160,Dungeon Siege III
39190,Dungeon Siege
39200,Dungeon Siege II
39210,FINAL FANTASY XIV Online
39391,Freeze Tag Fun Pack #1
39392,Freeze Tag Fun Pack #2
39500,Gothic® 3
39510,Gothic II: Gold Edition
39520,The Guild Gold Edition
39530,Painkiller: Black Edition
39540,SpellForce - Platinum Edition
39550,SpellForce 2 - Anniversary Edition
39560,Painkiller: Resurrection
39630,AquaNox
39640,AquaNox 2: Revelation
39650,The Guild II
39660,The Guild II - Pirates of the European Seas
39670,Chaser
39680,The Guild II Renaissance
39690,ArcaniA
39800,Nation Red
39900,Coniclysm
40100,Supreme Commander 2
40200,ItzaBitza
40210,ItzaZoo
40300,Risen
40320,Rush for Berlin Gold
40330,Secret Files: Tunguska
40340,Secret Files 2: Puritas Cordis
40350,Lost Horizon
40380,nail'd
40390,Risen 2: Dark Waters
40400,AI War: Fleet Command
40420,Tidalis
40500,Sacraboar
40700,Machinarium
40720,Samorost 2
40800,Super Meat Boy
40930,The Misadventures of P.B. Winterbottom
40950,Stronghold HD (2012)
40960,Stronghold 2: Steam Edition
40970,Stronghold Crusader HD
40980,Stronghold Legends: Steam Edition
40990,Mafia
41000,Serious Sam HD: The First Encounter
41014,Serious Sam HD: The Second Encounter
41050,Serious Sam Classic: The First Encounter
41060,Serious Sam Classic: The Second Encounter
41070,Serious Sam 3: BFE
41100,Hammerfight
41300,Altitude
41400,Doom Rails
41500,Torchlight
41600,Earthworm Jim 3D
41660,Tommy Tronic
41680,Death and the Fly
41700,S.T.A.L.K.E.R.: Call of Pripyat
41730,Ion Assault
41740,Cargo! The Quest for Gravity
41800,Gratuitous Space Battles
41900,The Bard's Tale ARPG: Remastered and Resnarkled
42000,Trino
42120,Lead and Gold: Gangs of the Wild West
42140,Hamilton's Great Adventure
42147,Hamilton's Great Adventure - Retro Fever DLC
42170,Krater
42200,Nancy Drew® Dossier: Resorting to Danger!
42210,Nancy Drew®: Secrets Can Kill REMASTERED
42220,Nancy Drew®: The Captive Curse
42230,Nancy Drew®: Trail of the Twister
42500,DogFighter
42670,Singularity™
42700,Call of Duty®: Black Ops
42810,For The Glory: A Europa Universalis Game
42850,Arsenal of Democracy: A Hearts of Iron Game
42890,Sword of the Stars: Complete Collection
42900,Hearts of Iron III: Semper Fi
42910,Magicka
42920,The Kings' Crusade
42930,Elven Legacy: Magic
42940,Elven Legacy: Siege
42950,Elven Legacy: Ranger
42960,Victoria II
42980,Victoria I Complete
42990,Sword of the Stars II: Enhanced Edition
43000,Front Mission Evolved
43100,World of Zoo
43190,The Haunted: Hells Reach
43500,M.U.D. TV
43600,Nancy Drew®: Warnings at Waverly Academy
44100,Super Laser  Racer
44600,GTR - FIA GT Racing Game
44680,RACE Injection
44690,GT Legends
45000,Sol Survivor
45100,Secret of the Magic Crystals
45200,Defense of the Oasis
45300,Wings of Prey
45400,Fortix
45410,Ignite
45420,Land It!
45450,Fortix 2
45720,Lost Planet: Extreme Condition Colonies Edition
45740,Dead Rising® 2
45750,Lost Planet® 2
45760,Ultra Street Fighter® IV
45770,Dead Rising 2: Off the Record
46000,Bob Came in Pieces
46200,A.I.M. Racing
46250,NecroVisioN: Lost Company
46260,Star Wolves 3: Civil War
46270,Star Wolves
46280,Star Wolves 2
46290,Theatre of War
46340,Theatre of War 2: Africa 1943
46350,Real Warfare 1242
46360,Theatre of War 2: Kursk 1943
46370,Rig n Roll
46380,Reign: Conflict of Nations
46400,Greed: Black Border
46410,Avencast: Rise of the Mage
46440,Future Wars
46450,Grotesque Tactics: Evil Heroes
46460,Scratches - Director's Cut
46480,Still Life
46490,Still Life 2
46500,Syberia
46510,Syberia II
46520,Wasteland Angel
46540,Trapped Dead
46550,Post Mortem
46560,Robin Hood: The Legend of Sherwood
46570,Grotesque Tactics 2 – Dungeons and Donuts
46600,Swarm Arena
46700,Ironclads: American Civil War
46710,Ironclads: High Seas
46720,Dimensity
46730,Hazen: The Dark Whispers
46740,World Basketball Manager 2010
46750,Dark Fall: Lost Souls
46760,Ironclads: Schleswig War 1864
46770,Making History II: The War of the World
46790,Armada 2526
46830,Ironclads: Anglo Russian War 1866
46840,Ironclads: Chincha Islands War 1866
46850,Zombie Pirates
47110,Escape From Paradise
47120,Escape From Paradise 2
47130,Book of Legends
47400,Stronghold 3 Gold
47410,Stronghold Kingdoms
47700,Command & Conquer™ 4 Tiberian Twilight
47780,Dead Space™ 2
47790,Medal of Honor™
47810,Dragon Age: Origins - Ultimate Edition
47870,Need For Speed: Hot Pursuit
47890,The Sims™ 3
47920,Shift 2 Unleashed
48000,LIMBO
48110,Silent Hunter 5®: Battle of the Atlantic
48150,Voodoo Dice
48190,Assassin’s Creed® Brotherhood
48220,Might & Magic: Heroes VI
48240,Anno 2070™
48700,Mount & Blade: Warband
48720,Mount & Blade: With Fire & Sword
48800,Ship Simulator Extremes
48900,Saira
48950,Greed Corp
49000,Hotel Dash™ Suite Success™
49300,Commander: Conquest of the Americas
49320,Woody Two-Legs: Attack of the Zombie Pirates
49330,Pirates of Black Cove
49520,Borderlands 2
49540,Aliens: Colonial Marines Collection
49600,Beat Hazard
49800,Flight of the Icarus
49810,CreaVures
49900,Plain Sight
50000,Nimbus
50130,Mafia II (Classic)
50510,Burn Zombie Burn!
50620,Darksiders™
50910,Professor Fizzwizzle and the Molten Mystery
50920,Hidden Expedition: Amazon
50930,Hidden Expedition: Everest
50940,Hidden Expedition: Titanic
50960,Mystery Case Files: Huntsville™
50970,Mystery Case Files: Madame Fate®
50980,Mystery Case Files: Prime Suspects™
50990,Mystery Case Files: Ravenhearst®
51000,Mystery Case Files: Return to Ravenhearst™
51010,My Tribe
51020,Unwell Mel
51030,Atlantis Sky Patrol
51060,Drawn®: The Painted Tower
55000,Flotilla
55020,Air Forte
55040,Atom Zombie Smasher
55100,Homefront
55110,Red Faction®: Armageddon™
55140,MX vs. ATV Reflex
55150,Warhammer 40,000: Space Marine - Anniversary Edition
55230,Saints Row: The Third
57000,NyxQuest: Kindred Spirits
57200,Puzzle Dimension
57300,Amnesia: The Dark Descent
57620,Patrician IV
57650,Dungeons
57680,The First Templar - Steam Special Edition
57690,Tropico 4
57700,Who's That Flying?!
57740,Jagged Alliance - Back in Action
57800,Doc Clock: The Toasted Sandwich of Time
57900,Duke Nukem Forever
58200,Jolly Rover
58230,MacGuffin's Curse
58400,Turba
58520,Blood Bowl - Legendary Edition
58550,A Game of Thrones - Genesis
58560,Runaway: A Twist of Fate
58570,The Next BIG Thing
58610,Wargame: European Escalation
60340,Luxor: 5th Passage
60350,Glowfish
60600,ProtoGalaxy
60700,Power of Defense
60800,Numen: Contest of Heroes
61100,Lucid
61310,Fractal: Make Blooms Not War
61500,Age of Wonders
61510,Age of Wonders II: The Wizard's Throne
61520,Age of Wonders Shadow Magic
61600,Zen Bound 2
61730,Critter Crunch
62000,Flight Control HD
62100,Chime
63000,HOARD
63110,Alter Ego
63200,Monday Night Combat
63380,Sniper Elite V2
63500,Swords and Soldiers HD
63610,Riven (1997)
63620,Cosmic Osmo and the Worlds Beyond the Mackerel
63630,The Manhole: Masterpiece Edition
63640,Spelunx and the Caves of Mr. Seudo
63650,URU: Complete Chronicles
63660,Myst: Masterpiece Edition
63700,BIT.TRIP BEAT
63710,BIT.TRIP RUNNER
63800,Delve Deeper
63900,Fantasy Wars
63910,King's Bounty: Crossworlds
63940,Men of War: Vietnam
63950,IL-2 Sturmovik: Cliffs of Dover
63960,Theatre of War 3: Korea
63970,IL-2 Sturmovik: Cliffs of Dover
64000,Men of War: Assault Squad
65070,Ride 'em Low
65080,Kaptain Brawe: A Brawe New World
65200,Dive to the Titanic
65270,Demolition Company Gold Edition
65300,Dustforce DX
65400,Archon Classic
65500,Aura: Fate of the Ages
65530,SpellForce 2: Faith in Destiny
65540,Gothic 1
65560,Painkiller Redemption
65600,Gothic 3: Forsaken Gods Enhanced Edition
65610,ArcaniA: Fall of Setarrif
65730,Take On Helicopters
65740,Carrier Command: Gaea Mission
65780,ARMA: Gold Edition
65790,ARMA: Cold War Assault
65800,Dungeon Defenders
65930,The Bureau: XCOM Declassified
65980,Sid Meier's Civilization®: Beyond Earth™
67000,The Polynomial - Space of the music
67370,The Darkness II
70000,Dino D-Day
70100,Hacker Evolution
70110,Hacker Evolution: Untold
70120,Hacker Evolution Duality
70300,VVVVVV
70400,Recettear: An Item Shop's Tale
70420,Chantelise - A Tale of Two Sisters
70500,Diamond Dan
70600,Worms Ultimate Mayhem
70620,Worms Crazy Golf
70640,Worms
70650,Worms Blast
70660,Worms Pinball
70900,Star Ruler
71000,Evochron Mercenary
71110,ESWAT™: City Under Siege
71111,Flicky™
71112,Golden Axe™ II
71114,Sword of Vermilion™
71115,Virtua Fighter™ 2
71116,Alien Soldier
71117,Gunstar Heroes
71118,Landstalker: The Treasures of King Nole
71119,Light Crusader
71120,Shining Force
71160,Shining Force II
71161,Shining in the Darkness
71164,Streets of Rage
71165,Streets of Rage 2
71166,ToeJam & Earl
71167,ToeJam & Earl in Panic on Funkotron
71168,Wonder Boy III: Monster Lair
71230,Crazy Taxi
71240,SEGA Bass Fishing
71250,Sonic Adventure DX
71260,Space Channel 5: Part 2
71340,Sonic Generations Collection
72000,Closure
72400,Clones
72900,Winter Voices
73010,Cities in Motion
73020,Majesty 2 Collection
73170,Darkest Hour: A Hearts of Iron Game
73190,Pride of Nations
73210,Sengoku
78000,Bejeweled® 3
80000,APOX
80200,Fate of the World
80300,Puzzle Bots
80310,Gemini Rue
80330,The Blackwell Legacy
80340,Blackwell Unbound
80350,Blackwell Convergence
80360,Blackwell Deception
90200,Farming Simulator 2011
90400,Blue Toad Murder Files™: The Mysteries of Little Riddle
91100,SkyDrift
91200,Anomaly: Warzone Earth
91330,Iron Front: Digital War Edition
91600,Sanctum
91700,E.Y.E: Divine Cybermancy
91800,Cloning Clyde
91810,Ancients of Ooga
91900,Post Apocalyptic Mayhem
92000,Hydrophobia: Prophecy
92100,DETOUR
92300,A.R.E.S.: Extinction Agenda
92400,B.U.T.T.O.N. (Brutally Unfair Tactics Totally OK Now)
92600,Xotic
92700,Shadow Harvest: Phantom Ops
92800,SpaceChem
92900,Agricultural Simulator 2011: Extended Edition
93200,Revenge of the Titans
94000,Dinner Date
94200,Jamestown
94300,The Dream Machine: Chapter 1 & 2
94400,Nidhogg
94590,Puzzle Agent 2
94600,Hector: Episode 1
94610,Hector: Episode 2
94620,Hector: Badge of Carnage - Full Series
95300,Capsized
95400,ibb & obb
95700,The Cat and the Coup
95900,Air Conflicts: Secret Wars
96000,The Tiny Bang Story
96100,Defy Gravity Extended
96200,Steel Storm: Burning Retribution
96800,Nexuiz
96900,Slam Bolt Scrappers
97000,Solar 2
97110,Kohan: Immortal Sovereigns
97120,Kohan: Ahriman's Gift
97130,Kohan II: Kings of War
98100,Trauma
98200,Frozen Synapse
98300,Toy Soldiers
98400,Hard Reset Extended Edition
98500,Naval Warfare
98600,Demolition Inc.
98800,Dungeons of Dredmor
98900,Alien Hallway
99100,Dungeons and Dragons: Daggerdale
99120,Yar's Revenge
99300,Renegade Ops
99400,Garshasp: The Monster Slayer
99410,Garshasp: Temple of the Dragon
99700,NightSky
99900,Spiral Knights
99910,Puzzle Pirates
102200,Runespell: Overture
102400,Vertex Dispenser
102500,Kingdoms of Amalur: Reckoning™
102600,Orcs Must Die!
102810,Gatling Gears
102840,Shank 2
102850,Warp
104000,iBomber Defense
104020,Storm in a Teacup
104100,Inside a Star-filled Sky
104200,BEEP
104600,Portal 2 - The Final Hours
104900,ORION: Prelude
105000,A New Beginning - Final Cut
105100,Lume
105300,Critical Mass
105420,Ms. Splosion Man
105600,Terraria
105700,Tobe's Vertical Adventure
105800,PixelJunk™ Eden
106000,The Cursed Crusade
107100,Bastion
107200,Space Pirates and Zombies
107300,Breath of Death VII
107310,Cthulhu Saves the World
107410,Arma 3
107600,Waves
108110,Starpoint Gemini
108500,Vessel
108600,Project Zomboid
108700,Death Rally
108710,Alan Wake
108800,Crysis 2 - Maximum Edition
109200,Legend of Fae
109500,Fowl Space
109600,Neverwinter
109700,Achron
110400,inMomentum
110500,Data Jammers: FastForward
110600,Astro Tripper
110610,Alien Zombie Megadeath
110630,Mutant Storm: Reloaded
110800,L.A. Noire
111000,The Clockwork Man
111010,The Clockwork Man: The Hidden World
111100,Snuggle Truck
111300,Smash Cars
111400,Bunch of Heroes
111600,Serious Sam Double D XXL
111800,Blocks That Matter
112100,Avadon: The Black Fortress
113020,Monaco: What's Yours Is Mine
113200,The Binding of Isaac
113400,APB Reloaded
113420,Fallen Earth Classic
115100,Costume Quest
115110,Stacking
115120,Iron Brigade
115200,Cossacks II: Napoleonic Wars
115210,American Conquest
115220,American Conquest: Fight Back
115300,Call of Duty®: Modern Warfare® 3 (2011)
115320,Prototype 2
115800,Owlboy
116100,Super Toy Cars
116120,Lightfish
200010,Quantum Conundrum
200020,Global Ops: Commando Libya
200080,Nancy Drew®: Shadow at the Water's Edge
200130,Puzzler World 2
200150,Battle Chess: Game of Kings™
200170,Worms Revolution
200190,Sideway™ New York
200210,Realm of the Mad God Exalt
200230,Off-Road Drive
200260,Batman: Arkham City - Game of the Year Edition
200370,A Game of Dwarves
200390,Oil Rush
200410,SOL: Exodus
200490,Memento Mori
200510,XCOM: Enemy Unknown
200550,Dungeons - The Dark Lord
200670,Disciples III - Resurrection
200710,Torchlight II
200900,Cave Story+
200910,Before the Echo
200960,Geneforge 1
200980,Geneforge 2
200990,Geneforge 3
201000,Geneforge 4: Rebellion
201010,Geneforge 5: Overthrow
201070,Revelations 2012
201210,Pox Nora
201230,EverQuest II
201270,Total War: SHOGUN 2
201271,A Total War Saga: FALL OF THE SAMURAI
201290,Sins of a Solar Empire: Trinity®
201330,Max Payne
201420,Toki Tori 2+
201480,Serious Sam: The Random Encounter
201490,Airline Tycoon 2
201510,FlatOut 3: Chaos & Destruction
201570,Really Big Sky
201790,Orcs Must Die! 2
201810,Wolfenstein: The New Order
201870,Assassin's Creed® Revelations
202130,Impire
202170,Sleeping Dogs
202200,Galactic Civilizations® II: Ultimate Edition
202310,Ridge Racer™ Unbounded
202370,Scary Girl
202410,Scoregasm
202530,Sonic the Hedgehog 4 - Episode I
202570,Max Payne
202670,Nancy Drew®: Alibi in Ashes
202690,Hegemony Gold: Wars of Ancient Greece
202710,Demigod
202730,Dynamite Jack
202750,Alan Wake's American Nightmare
202860,Real Warfare 2: Northern Crusades
202970,Call of Duty®: Black Ops II
203140,Hitman: Absolution™
203160,Tomb Raider
203210,Titan Attacks!
203290,America's Army: Proving Grounds
203350,King's Bounty: Warriors of the North
203510,Fortune Summoners
203560,Containment: The Zombie Puzzler
203630,Warlock - Master of the Arcane
203650,Sonic the Hedgehog 4 - Episode II
203750,Binary Domain
203770,Crusader Kings II
203830,The Dark Eye: Chains of Satinav
203990,SATAZIUS
204030,Fable - The Lost Chapters
204060,Superbrothers: Sword & Sworcery EP
204100,Max Payne 3
204120,LEGO® Harry Potter: Years 5-7
204180,Waveform
204220,Snapshot
204240,The Bridge
204300,Awesomenauts - the 2D moba
204340,Serious Sam 2
204360,Castle Crashers®
204390,Pineapple Smash Crew 
204440,Pickers
204450,Call of Juarez: Gunslinger
204530,Infested Planet
204560,Confrontation
204580,Rotastic
204630,Retro City Rampage™ DX
204860,Men of War: Condemned Heroes
204880,Sins of a Solar Empire®: Rebellion
204940,Crusader Kings Complete
205020,Lumino City
205060,BIT.TRIP CORE
205070,BIT.TRIP VOID
205080,BIT.TRIP FATE
205100,Dishonored
205230,Hell Yeah! Wrath of the Dead Rabbit
205530,Gratuitous Tank Battles
205550,Foreign Legion: Multi Massacre
205610,Port Royale 3
205650,The Testament of Sherlock Holmes
205690,1000 Amps
205710,EverQuest
205730,Insanely Twisted Shadow Planet
205810,Jagged Alliance: Crossfire
205830,Luxor Evolved
205840,Yesterday
205870,Auditorium
205910,Tiny and Big: Grandpa's Leftovers
205950,Jet Set Radio
205990,Warlock 2: The Exiled
206020,Avernum 4
206040,Avernum 5
206060,Avernum 6
206190,Gunpoint
206230,Clan of Champions
206250,Cladun X2
206370,Tales From Space: Mutant Blobs Attack
206410,Crazy Machines Elements
206420,Saints Row IV: Re-Elected
206440,To the Moon
206480,Dungeons & Dragons Online®
206500,AirMech
206610,3SwitcheD
206690,iBomber Defense Pacific
206760,Painkiller: Recurring Evil
207000,Alien Spidy
207020,Bang Bang Racing
207040,Sine Mora
207080,Indie Game: The Movie
207140,SpeedRunners
207170,Legend of Grimrock
207190,Fireburst
207230,ArcheBlade™
207250,Cubemen
207320,Ys: The Oath in Felghana
207350,Ys Origin
207420,Wizorb
207430,Hack, Slash, Loot
207490,Rayman® Origins
207530,Noitu Love 2: Devolution
207570,English Country Tune
207610,The Walking Dead
207650,A Virus Named TOM
207670,AVSEQ
207690,Botanicula
207710,Bumbledore
207730,Arena Wars 2
207750,Symphony
207790,Jane's Advanced Strike Fighters
207930,Sacred Citadel
208110,Myst V: End of Ages
208140,ENDLESS™ Space - Definitive Edition
208200,DOOM 3
208400,Avernum: Escape From the Pit
208460,Tryst
208520,Omerta - City of Gangsters
208580,STAR WARS™ Knights of the Old Republic™ II - The Sith Lords™
208600,Lunar Flight
208620,Midnight Mysteries: Salem Witch Trials
208630,Midnight Mysteries 3: Devil on the Mississippi
208640,Midnight Mysteries 4: Haunted Houdini
208650,Batman™: Arkham Knight
208670,Blades of Time
208710,Colour Bind
208730,Game of Thrones
208750,Apotheon
209000,Batman™: Arkham Origins
209060,Drunken Robot Pornography
209080,Guns of Icarus Online
209120,Street Fighter X Tekken
209160,Call of Duty®: Ghosts
209190,Stealth Bastard Deluxe
209230,Sherlock Holmes and The Hound of The Baskervilles
209330,A Valley Without Wind
209360,All Zombies Must Die!: Scorepocalypse 
209370,Analogue: A Hate Story
209540,Strike Suit Zero
209610,Roller Coaster Rampage
209630,Magrunner: Dark Pulse
209650,Call of Duty®: Advanced Warfare - Gold Edition
209670,Cortex Command
209690,Fieldrunners
209730,R.A.W. Realms of Ancient War
209750,Cannon Fodder 3
209790,Splice
209830,Lone Survivor: The Director's Cut
209850,Highborn
209950,Triple Town
210170,Spirits
210230,Nancy Drew®: Tomb of the Lost Queen
210770,Sanctum 2
210950,Rune Classic
210970,The Witness
211010,Alien Shooter 2 Conscription
211050,Battle vs Chess
211070,Check vs Mate
211160,Viking: Battle for Asgard
211180,Unmechanical
211200,Beyond Oasis
211201,Dynamite Headdy
211202,Golden Axe III
211203,Phantasy Star II
211204,Phantasy Star III: Generations of Doom
211205,Phantasy Star IV: The End of the Millennium
211206,Streets of Rage 3
211207,The Revenge of Shinobi
211208,VectorMan 2
211209,Wonder Boy in Monster World
211260,They Bleed Pixels
211280,Primal Fears
211340,Magical Diary: Horse Hall
211360,Offspring Fling!
211400,Deadlight
211440,Adventures of Shuggy
211500,RaceRoom Racing Experience
211580,Wanderlust: Rebirth
211600,Thief™ Gold
211740,Thief™ II: The Metal Age
211780,Conflict Desert Storm™
211800,Dead Hungry Diner
211820,Starbound
211900,Conquest of Elysium 3
211970,Test Drive: Ferrari Racing Legends
212010,Galaxy on Fire 2™ Full HD
212030,Kung Fu Strike - The Warrior's Rise
212050,Resonance
212070,Star Conflict
212110,Sugar Cube: Bittersweet Factory
212160,Vindictus
212200,Mabinogi
212390,Continent of the Ninth Seal
212410,Inversion™
212480,Sonic & All-Stars Racing Transformed Collection
212500,The Lord of the Rings Online™
212630,Tom Clancy's Ghost Recon: Future Soldier™
212680,FTL: Faster Than Light
212700,Party of Sin
212780,New Star Soccer 5
212800,Super Crate Box
213030,Penny Arcade's On the Rain-Slick Precipice of Darkness 3
213330,LEGO® Batman™ 2: DC Super Heroes
213350,MDK2 HD
213390,Atooms to Moolecules Demo
213610,Sonic Adventure 2
213650,Dwarfs - F2P
213670,South Park™: The Stick of Truth™
214100,Rigonauts
214150,Galactic Civilizations® I: Ultimate Edition
214170,Divine Divinity
214250,I Am Alive
214340,Deponia
214360,Tower Wars
214420,Gear Up
214490,Alien: Isolation
214510,LEGO® The Lord of the Rings™
214550,Eets Munchies
214560,Mark of the Ninja
214570,ETHER VAPOR Remaster
214590,Fairy Bloom Freesia
214700,Thirty Flights of Loving
214730,Space Rangers HD: A War Apart
214770,Guacamelee! Gold Edition
214790,The Basement Collection
214830,Half Minute Hero: Super Mega Neo Climax Ultimate Boy
214870,Painkiller Hell & Damnation
214910,Air Conflicts: Pacific Carriers
214950,Total War: ROME II - Emperor Edition
214970,Intrusion 2
215080,WAKFU
215100,Ragnarok Online
215160,The Book of Unwritten Tales
215280,Secret World Legends
215390,Damage Inc. Pacific Squadron WWII
215450,Transcripted
215470,Primal Carnage
215510,Rocketbirds: Hardboiled Chicken
215530,The Incredible Adventures of Van Helsing
215550,Zombie Playground™
215630,Demonicon
215670,Home
215690,Zeno Clash 2
215710, Fieldrunners 2
215770,Shad'O
215790,Dream Pinball 3D
215830,Closers
215870,Dungeon-Party
215930,Jagged Alliance 2 - Wildfire
216090,Go Home Dinosaurs!
216130,Gemini Wars
216150,MapleStory
216210,Secret Files 3
216260,Don Bradman Cricket 14
216290,Gateways
216330,Sleeping Dogs: Ghost Pig
216670,Great Big War Game
216890,Blood Bowl: Chaos Edition
216910,Of Orcs And Men
216930,Luxor: Amun Rising HD
217100,Dementium II HD
217120,Waves 2: Notorious
217140,Rise of the Triad
217200,Worms Armageddon
217270,Karateka
217290,Din's Curse
217690,Anna - Extended Edition
217750,Age of Conan: Unchained
217790,Dogfight 1942
217920,Alien Rage - Unlimited
217980,Dishonored
218020,Nethergate: Resurrection
218040,Democracy 2
218060,BIT.TRIP Presents... Runner2: Future Legend of Rhythm Alien
218090,Unity of Command: Stalingrad Campaign
218230,PlanetSide 2
218410,Defender's Quest: Valley of the Forgotten (DX edition)
218510,Planets Under Attack
218620,PAYDAY 2
218640,Lucius
218660,iBomber Attack
218680,Scribblenauts Unlimited
218700,Angelica Weaver: Catch Me When You Can
218740,Pid
218820,Mercenary Kings: Reloaded Edition
219070,Miner Wars Arena
219150,Hotline Miami
219190,Ultratron
219200,Droid Assault
219640,Chivalry: Medieval Warfare
219680,Proteus
219700,Dogs of War Online
219740,Don't Starve
219760,Beyond Divinity
219780,Divinity II: Developer's Cut
219830,King Arthur's Gold
219890,Antichamber
219910,Edna & Harvey: Harvey's New Eyes
219950,NiGHTS Into Dreams
219990,Grim Dawn
220090,The Journey Down: Chapter One
220160,Trials Evolution: Gold Edition
220200,Kerbal Space Program
220240,Far Cry 3
220260,Farming Simulator 2013 Titanium Edition
220420,Nancy Drew®: The Deadly Device
220440,DmC: Devil May Cry
220460,Cargo Commander
220660,StarDrive
220740,Chaos on Deponia
220780,Thomas Was Alone
220820,Zombie Driver HD
220860,McPixel
220900,Jack Lumber
221020,Towns
221040,Resident Evil 6
221100,DayZ
221180,Eufloria HD
221260,Little Inferno
221380,Age of Empires II (Retired)
221540,DG2: Defense Grid 2
221640,Super Hexagon
221810,The Cave
221830,The Book of Unwritten Tales: The Critter Chronicles
221910,The Stanley Parable
222140,Puddle
222160,Hamlet or the Last Game without MMORPG Features, Shaders and Product Placement
222180,Mushroom Men: Truffle Trouble
222420,THE KING OF FIGHTERS '98 ULTIMATE MATCH FINAL EDITION
222440,THE KING OF FIGHTERS 2002 UNLIMITED MATCH
222480,Resident Evil Revelations
222500,Rail Adventures - VR Tech Demo
222520,Champions of Regnum
222606,Train Simulator: Pacific Surfliner® LA - San Diego Route
222615,Train Simulator: West Somerset Railway Route Add-On
222618,Train Simulator: East Coast Main Line London-Peterborough Route Add-On
222640,Aarklash: Legacy
222660,Retro/Grade
222730,Reus
222750,Wargame: Airland Battle
222880,Insurgency
222940,THE KING OF FIGHTERS XIII STEAM EDITION
222980,Dead Pixels
223000,7 Wonders: Ancient Alien Makeover
223100,Homefront®: The Revolution
223220,Giana Sisters: Twisted Dreams
223280,Cut the Rope
223330,Sea Dogs: To Each His Own
223410,Perpetuum
223430,Miner Wars 2081
223450,Dyad
223470,POSTAL 2
223490,Blockscape
223510,Miasmata
223630,AirBuccaneers
223710,Cry of Fear
223730,Fly'N
223750,DCS World Steam Edition
223810,Ys I & II Chronicles+
223830,Xenonauts
224000,Project Eagle: A 3D Interactive Mars Base
224040,LocoCycle
224260,No More Room in Hell
224300,Legacy of Kain: Defiance
224460,Contrast
224480,Octodad: Dadliest Catch
224500,Gnomoria
224760,FEZ
224820,Super House of Dead Ninjas
224860,Arma Tactics
224880,Equate Game
224900,Iron Sky: Invasion
224940,Legacy of Kain: Soul Reaver 2 (2001)
224960,Tomb Raider I (1996)
224980,Tomb Raider IV: The Last Revelation (1999)
225000,Tomb Raider V: Chronicles (2000)
225020,Tomb Raider VI: The Angel of Darkness (2003)
225080,Brothers - A Tale of Two Sons
225160,Shadow Warrior Classic Redux
225260,Brutal Legend
225280,Full Mojo Rampage
225300,Tomb Raider II (1997)
225320,Tomb Raider III (1998)
225360,DARK
225420,Cities in Motion 2
225540,Just Cause™ 3
225600,Blade Symphony
225640,Sacred 2 Gold
225840,Sven Co-op
226100,PixelJunk™ Nom Nom Galaxy
226120,Weird Worlds: Return to Infinite Space
226280,Warp Frontier
226560,Escape Dead Island
226620,Desktop Dungeons
226700,Infestation: The New Beginning
226720,LOST PLANET® 3
226740,Monster Loves You!
226780,MUD - FIM Motocross World Championship™
226820,Nancy Drew®: Ghost of Thornton Hall
226840,Age of Wonders III
226860,Galactic Civilizations III
226960,Ironclad Tactics
227000,Primordia
227020,Rise of Venice
227060,Hegemony Rome: The Rise of Caesar
227080,Papo & Yo
227100,Sniper Elite: Nazi Zombie Army
227160,Kinetic Void
227180,Kingdom Wars
227200,Waking Mars
227220,Sang-Froid - Tales of Werewolves
227300,Euro Truck Simulator 2
227380,Dragon's Lair
227560,Scourge: Outbreak
227580,10,000,000
227600,Castle of Illusion
227760,March of the Eagles
227780,Serious Sam Classics: Revolution
227800,Retrovirus
227860,Castle Story
228200,Company of Heroes
228260,Fallen Enchantress: Legendary Heroes
228280,Baldur's Gate: Enhanced Edition
228300,Remember Me
228320,A Valley Without Wind 2
228360,Full Throttle Remastered
228380,Wreckfest
228440,Cubemen 2
228760,TrackMania² Canyon
228960,Skulls of the Shogun
229480,Dungeons & Dragons: Chronicles of Mystara
229520,Dungeon Hearts
229560,Hacker Evolution IMMERSION
229580,Dream
229600,Bientôt l'été
229810,A Fistful of Gun
229870,ShootMania Storm
229890,Joe Danger
229970,Armada 2526 Gold Edition
230050,DLC Quest
230070,The Age of Decadence
230150,Incredipede
230190,War for the Overworld
230210,ASYLUM
230230,Divinity: Original Sin (Classic)
230270,N++ (NPLUSPLUS)
230290,Universe Sandbox
230330,FINAL FANTASY® XI: Ultimate Collection Seekers Edition
230350,FINAL FANTASY®  XI: Ultimate Collection Seekers Edition
230410,Warframe
230650,Lords of Football
230700,La-Mulana
230760,DIVO
230820,The Night of the Rabbit
230840,Daylight
230860,Cannon Brawl
230980,Starseed Pilgrim
231020,Storm
231040,Beatbuddy: Tale of the Guardians
231060,Ragnarok Online 2
231140,Cities XL Platinum
231160,The Swapper
231200,Kentucky Route Zero: PC Edition
231310,MirrorMoon EP
231330,Deadfall Adventures
231390,Biohazard 6 Benchmark Tool
231430,Company of Heroes 2
231720,Bad Hotel
231740,Knights of Pen and Paper +1 Edition
232010,Euro Truck Simulator
232050,Eador. Masters of the Broken World
232090,Killing Floor 2
232430,Gone Home
232750,Mars: War Logs
232770,POSTAL
232790,Broken Age
232890,Stronghold Crusader 2
232910,TrackMania² Stadium
232950,Bridge Project
232970,Thunder Wolves
233110,Defense Technica
233130,Shadow Warrior
233150,LUFTRAUSERS
233190,Final Exam
233210,Air Conflicts: Vietnam
233230,Kairo
233270,Far Cry 3 - Blood Dragon
233290,Murdered: Soul Suspect
233310,Avadon 2: The Corruption
233350,Sudeki
233370,The Raven - Legacy of a Master Thief
233410,Tomb Raider - The Final Hours Digital Book
233450,Prison Architect
233470,Evoland
233510,Lunnye Devitsy
233530,Wake
233550,Another World – 20th Anniversary Edition
233610,Distance
233700,Sword of the Stars: The Pit
233720,Surgeon Simulator
233740,Organ Trail: Director's Cut
233800,Arma 3 Tools
233840,Worms Clan Wars
233860,Kenshi
233980,UnEpic
234080,Castlevania: Lords of Shadow – Ultimate Edition
234140,Mad Max
234160,Strike Suit Infinity
234190,Receiver
234270,Ken Follett's The Pillars of the Earth
234290,Zack Zero
234330,MARVEL Puzzle Quest
234350,Luxor 2 HD
234370,Shattered Haven
234390,Teleglitch: Die More Edition
234490,Rush Bros.
234510,Rising Storm Game of the Year Edition
234650,Shadowrun Returns
234670,NARUTO SHIPPUDEN: Ultimate Ninja STORM 3 Full Burst HD
234900,Anodyne
234920,Dyscourse
234940,The 39 Steps
235070,Bad Bots
